<?xml version='1.0'?>
<home version='5500' exportFlags='17' name='322newholland.sh3d' camera='observerCamera' selectedLevel='level1' wallHeight='243.84'>
  <environment groundColor='00A8A8A8' skyColor='00CCE4FC' lightColor='00D0D0D0'/>
  <observerCamera attribute='observerCamera' lens='PINHOLE' x='256.85248' y='-55.79094' z='291.91998' yaw='0.15455812' pitch='0.2907965' fieldOfView='1.0995575' time='1536408000000' fixedSize='true'/>
  <camera attribute='topCamera' lens='PINHOLE' x='696.9325' y='-290.5063' z='666.34265' yaw='7.030839' pitch='0.60999966' fieldOfView='1.0995575' time='1536408000000'/>
  <level id='level0' name='Ground floor' elevation='0.0' floorThickness='12.0' height='243.84' elevationIndex='0'/>
  <level id='level1' name='First Floor' elevation='121.92' floorThickness='12.0' height='243.84' elevationIndex='0'/>
  <pieceOfFurniture level='level0' catalogId='DaniFeri#outdoor_staircase' name='Outdoor staircase' creator='DaniFeri' model='1/outdoor_staircase.obj' x='499.47156' y='601.8964' width='127.9525' depth='281.94' height='205.4225' modelSize='553601' movable='false' staircaseCutOutShape='M0,0 v1 h1 v-1 z'/>
  <pieceOfFurniture level='level1' catalogId='OlaKristianHoff#stairs_legal' name='Straight staircase' creator='Ola-Kristian Hoff' model='3/stairs_legal.obj' x='524.8331' y='22.525827' width='89.8525' depth='307.6575' height='355.91748' modelSize='11976' movable='false' staircaseCutOutShape='M0,0 h1 v0.97 h-1 z'>
    <material name='Baluster'/>
    <material name='Riser' color='FF353D44'/>
  </pieceOfFurniture>
  <doorOrWindow level='level1' catalogId='Artist373#patioGlassDoor' name='Patio glass door' creator='Pencilart' model='5' x='477.55997' y='333.31995' angle='3.1415927' width='106.045' depth='22.135033' height='200.025' modelSize='116108' movable='false' cutOutShape='M0,0 v1 h1 v-1 z' wallCutOutOnBothSides='true'/>
  <pieceOfFurniture level='level1' catalogId='PeterSmolik#ceilingFan' name='Ceiling fan' creator='Peter Smolik' model='7/ceilingFan.obj' x='264.61118' y='284.77338' elevation='211.1375' width='107.95' depth='102.869995' height='39.052498' modelSize='648002'/>
  <pieceOfFurniture level='level1' catalogId='Scopia#beige_sofa' name='Sofa 3 seats' creator='Scopia' model='9/beige_sofa.obj' x='38.78823' y='257.77606' angle='4.712389' width='223.51999' depth='73.9775' height='87.9475' modelSize='1693722'>
    <material name='beige' color='FF594739'/>
    <material name='beige_normalmap.jpg' color='FF594739'/>
    <material name='colorbeige_center_normal2.jpg' color='FF594739'/>
    <material name='colorbeige_cushionmap.jpg' color='FF594739'/>
    <material name='colorbeige_right_normalmap.jpg' color='FF594739'/>
    <material name='cosins' color='FFCAB097'/>
    <material name='cosins_brown' color='FFCAB097'/>
  </pieceOfFurniture>
  <pieceOfFurniture level='level1' catalogId='Scopia#beige_sofa_2seats' name='Sofa 2 seats' creator='Scopia' model='11/beige_sofa_2seats.obj' x='167.97769' y='391.4793' angle='3.1415927' width='158.75' depth='73.3425' height='86.6775' modelRotation='0 0 -1 0 1 0 1 0 0' modelSize='1798319'>
    <material name='beige' color='FF594739'/>
    <material name='beige_normalmap.jpg' color='FF594739'/>
    <material name='colorbeige_cushionmap.jpg' color='FF594739'/>
    <material name='colorbeige_right_normalmap.jpg' color='FF594739'/>
    <material name='cosins' color='FFCAB097'/>
    <material name='cosins_brown' color='FFCAB097'/>
  </pieceOfFurniture>
  <pieceOfFurniture level='level1' name='Wall Clock' model='13/Clock%20Howard%20Miller%20625-472%20Stockton%20N260416.3DS.obj' x='1.7973218' y='198.99367' elevation='125.729996' angle='4.712389' width='108.58501' depth='1.4101949' height='108.58501' backFaceShown='true' modelRotation='0 0 1 0 1 0 -1 0 0' modelSize='1958456'>
    <material name='Circle1625_1' color='FF2A3235'/>
  </pieceOfFurniture>
  <pieceOfFurniture level='level1' catalogId='eTeks#plant' name='Plant' creator='eTeks' model='15' x='50.139107' y='401.5127' angle='3.1415927' width='58.42' depth='50.8' height='142.23999' modelSize='113183'/>
  <wall id='wall0' level='level1' wallAtStart='wall7' wallAtEnd='wall1' xStart='-3.010531' yStart='-433.5123' xEnd='574.8394' yEnd='-433.5123' height='304.8' thickness='7.62' pattern='hatchUp' leftSideColor='FFEBE0B2' rightSideColor='FFEBE0B2'>
    <baseboard attribute='rightSideBaseboard' thickness='2.0' height='20.32' color='FFFFFFFF'/>
  </wall>
  <wall id='wall1' level='level1' wallAtStart='wall0' wallAtEnd='wall2' xStart='574.8394' yStart='-433.5123' xEnd='574.8394' yEnd='12.25769' height='304.8' thickness='7.62' pattern='hatchUp' leftSideColor='FFEBE0B2' rightSideColor='FFEBE0B2'>
    <baseboard attribute='rightSideBaseboard' thickness='2.0' height='20.32' color='FFFFFFFF'/>
  </wall>
  <wall id='wall2' level='level1' wallAtStart='wall1' xStart='574.8394' yStart='12.25769' xEnd='571.0294' yEnd='4.410325' height='304.8' thickness='7.62' pattern='hatchUp' leftSideColor='FFEBE0B2' rightSideColor='FFEBE0B2'>
    <baseboard attribute='leftSideBaseboard' thickness='1.0' height='6.35'/>
    <baseboard attribute='rightSideBaseboard' thickness='1.0' height='6.35'/>
  </wall>
  <wall id='wall3' level='level1' xStart='103.66943' yStart='5.8976955' xEnd='-3.010531' yEnd='5.8976955' height='304.8' thickness='7.62' pattern='hatchUp' leftSideColor='FFEBE0B2' rightSideColor='FFEBE0B2'>
    <baseboard attribute='leftSideBaseboard' thickness='1.905' height='20.32' color='FFFFFFFF'/>
    <baseboard attribute='rightSideBaseboard' thickness='1.905' height='20.32' color='FFFFFFFF'/>
  </wall>
  <wall id='wall4' level='level1' wallAtStart='wall11' xStart='-3.010531' yStart='432.6277' xEnd='-3.010531' yEnd='425.00766' height='304.8' thickness='7.62' pattern='hatchUp' leftSideColor='FFEBE0B2' rightSideColor='FFEBE0B2'>
    <baseboard attribute='rightSideBaseboard' thickness='1.0' height='6.35'/>
  </wall>
  <wall id='wall5' level='level1' wallAtStart='wall12' xStart='381.8122' yStart='333.3197' xEnd='574.92303' yEnd='333.3197' height='304.8' thickness='7.62' pattern='hatchUp' leftSideColor='FFEBE0B2' rightSideColor='FFEBE0B2'>
    <baseboard attribute='leftSideBaseboard' thickness='2.0' height='20.32' color='FFFFFFFF'/>
    <baseboard attribute='rightSideBaseboard' thickness='2.0' height='20.32' color='FFFFFFFF'/>
  </wall>
  <wall id='wall6' level='level1' wallAtEnd='wall7' xStart='-3.0105498' yStart='435.33508' xEnd='-3.010531' yEnd='5.8976955' height='304.8' thickness='7.62' pattern='hatchUp' leftSideColor='FFEBE0B2' rightSideColor='FFEBE0B2'>
    <baseboard attribute='rightSideBaseboard' thickness='1.905' height='20.32' color='FFFFFFFF'/>
  </wall>
  <wall id='wall7' level='level1' wallAtStart='wall6' wallAtEnd='wall0' xStart='-3.010531' yStart='5.8976955' xEnd='-3.010531' yEnd='-433.5123' height='304.8' thickness='7.62' pattern='hatchUp' leftSideColor='FFEBE0B2' rightSideColor='FFEBE0B2'>
    <baseboard attribute='rightSideBaseboard' thickness='2.0' height='20.32' color='FFFFFFFF'/>
  </wall>
  <wall id='wall8' level='level1' wallAtEnd='wall9' xStart='573.5694' yStart='8.213669' xEnd='573.5694' yEnd='333.3197' height='304.8' thickness='7.62' pattern='hatchUp' leftSideColor='FFEBE0B2' rightSideColor='FFEBE0B2'>
    <baseboard attribute='rightSideBaseboard' thickness='2.0' height='20.32' color='FFFFFFFF'/>
  </wall>
  <wall id='wall9' level='level1' wallAtStart='wall8' wallAtEnd='wall10' xStart='573.5694' yStart='333.3197' xEnd='573.5694' yEnd='432.6277' height='304.8' thickness='7.62' pattern='hatchUp' leftSideColor='FFEBE0B2' rightSideColor='FFEBE0B2'>
    <baseboard attribute='rightSideBaseboard' thickness='1.905' height='20.32' color='FFFFFFFF'/>
  </wall>
  <wall id='wall10' level='level1' wallAtStart='wall9' wallAtEnd='wall11' xStart='573.5694' yStart='432.6277' xEnd='438.03778' yEnd='432.6277' height='304.8' thickness='7.62' pattern='hatchUp' leftSideColor='FFEBE0B2' rightSideColor='FFEBE0B2'>
    <baseboard attribute='rightSideBaseboard' thickness='1.905' height='20.32' color='FFFFFFFF'/>
  </wall>
  <wall id='wall11' level='level1' wallAtStart='wall10' wallAtEnd='wall4' xStart='438.03778' yStart='432.6277' xEnd='-3.010531' yEnd='432.6277' height='304.8' thickness='7.62' pattern='hatchUp' leftSideColor='FFEBE0B2' rightSideColor='FFEBE0B2'>
    <baseboard attribute='rightSideBaseboard' thickness='1.905' height='20.32' color='FFFFFFFF'/>
  </wall>
  <wall id='wall12' level='level1' wallAtEnd='wall5' xStart='381.8122' yStart='435.33508' xEnd='381.8122' yEnd='333.3197' height='304.8' thickness='7.62' pattern='hatchUp' leftSideColor='FFEBE0B2' rightSideColor='FFEBE0B2'>
    <baseboard attribute='leftSideBaseboard' thickness='1.905' height='20.32' color='FFFFFFFF'/>
    <baseboard attribute='rightSideBaseboard' thickness='1.905' height='20.32' color='FFFFFFFF'/>
  </wall>
  <wall id='wall13' level='level1' xStart='381.8122' yStart='333.3197' xEnd='381.8122' yEnd='293.9497' height='304.8' thickness='7.62' pattern='hatchUp' leftSideColor='FFEBE0B2' rightSideColor='FFEBE0B2'>
    <baseboard attribute='leftSideBaseboard' thickness='1.905' height='20.32' color='FFFFFFFF'/>
    <baseboard attribute='rightSideBaseboard' thickness='1.905' height='20.32' color='FFFFFFFF'/>
  </wall>
  <room level='level1' name='Living room' areaVisible='true' floorShininess='0.25' ceilingVisible='false'>
    <texture attribute='floorTexture' name='Red brown wooden floor' creator='Scopia' catalogId='eTeksScopia#red-brown-parquet' width='100.0' height='100.0' angle='1.5707964' scale='3.0' image='16'/>
    <point x='0.799469' y='3.4513855'/>
    <point x='0.799469' y='430.1714'/>
    <point x='569.7594' y='430.1714'/>
    <point x='569.7594' y='0.3805542'/>
    <point x='0.799469' y='3.4513855'/>
  </room>
  <room level='level1' areaVisible='true' floorShininess='0.25' ceilingVisible='false'>
    <texture attribute='floorTexture' name='Red brown wooden floor' creator='Scopia' catalogId='eTeksScopia#red-brown-parquet' width='100.0' height='100.0' angle='1.5707964' scale='3.0' image='16'/>
    <point x='0.799469' y='2.0976868'/>
    <point x='0.799469' y='-429.7023'/>
    <point x='571.0294' y='-429.7023'/>
    <point x='571.0294' y='0.6003113'/>
  </room>
  <room level='level1' areaVisible='true' floorShininess='0.25'>
    <texture attribute='floorTexture' name='Dark ceramic tiles' creator='Scopia' catalogId='eTeksScopia#dark-ceramic-tiles' width='100.0' height='100.0' angle='0.7853982' image='17'/>
    <point x='41.458836' y='122.09613'/>
    <point x='276.48233' y='122.09613'/>
    <point x='276.48233' y='373.57492'/>
    <point x='41.458836' y='373.5749'/>
  </room>
</home>